title,Link,Location
"Consultant / Senior Consultant, Insurance Risk, Financial Services Risk Management",https://careers.ey.com//ey/job/Sydney-Consultant-Senior-Consultant%2C-Insurance-Risk%2C-Financial-Services-Risk-Management-NSW-2000/697108701/,"Sydney, NSW, AU, 200."
Pursuit Strategist - 12 months contract,https://careers.ey.com//ey/job/Sydney-Pursuit-Strategist-NSW-2000/695538001/,"Sydney, NSW, AU, 200."
Corporate Responsibility Specialist,https://careers.ey.com//ey/job/Sydney-Corporate-Responsibility-Specialist-NSW-2000/739678201/,"Sydney, NSW, AU, 200."
Manager / Senior Manager - PMO - Technology Consulting - Canberra,https://careers.ey.com//ey/job/Canberra-Manager-Senior-Manager-PMO-Technology-Consulting-Canberra-ACT-2601/706410801/,"Canberra, ACT, AU, 2."
Manager / Senior Manager - Enterprise Architect - Technology Consulting - Canberra,https://careers.ey.com//ey/job/Canberra-Manager-Senior-Manager-Enterprise-Architect-Technology-Consulting-Canberra-ACT-2601/706409201/,"Canberra, ACT, AU, 2."
Manager / Senior Manager - Technology Strategy - Canberra,https://careers.ey.com//ey/job/Canberra-Manager-Senior-Manager-Technology-Strategy-Canberra-ACT-2601/723885201/,"Canberra, ACT, AU, 2."
Senior Consultant / Manager - Technology Project Management - Technology Consulting - Canberra,https://careers.ey.com//ey/job/Canberra-Senior-Consultant-Manager-Technology-Project-Management-Technology-Consulting-Canberra-ACT-2601/706411001/,"Canberra, ACT, AU, 2."
Consultant - Tech Risk - Consulting - Sydney,https://careers.ey.com//ey/job/Sydney-Consultant-Tech-Risk-Consulting-Sydney-NSW-2000/729394801/,"Sydney, NSW, AU, 200."
Microsoft Dynamics Solution Architect,https://careers.ey.com//ey/job/Melbourne-Microsoft-Dynamics-Solution-Architect%2C-Digital-&-Emerging-Technology-VIC-3000/696906301/,"Melbourne, VIC, AU, ."
Experienced Consultant - Global Compensation Accumulation Services,https://careers.ey.com//ey/job/Sydney-Experienced-Consultant-Global-Compensation-Accumulation-Services-NSW-2000/696421301/,"Sydney, NSW, AU, 200."
"Manager, Transaction Diligence, Strategy and Transactions",https://careers.ey.com//ey/job/Melbourne-Manager%2C-Transaction-Diligence%2C-Strategy-and-Transactions-VIC-3000/695926901/,"Melbourne, VIC, AU, ."
"Manager - Tax, Technology and Transformation",https://careers.ey.com//ey/job/Melbourne-Manager-Tax%2C-Technology-and-Transformation-VIC-3000/702974401/,"Melbourne, VIC, AU, ."
"Analysts - HR Mergers, Acquisition and Divestments",https://careers.ey.com//ey/job/Melbourne-Analysts-HR-Mergers%2C-Acquisition-and-Divestments-VIC-3000/696415301/,"Melbourne, VIC, AU, ."
"Consultant, Transfer Pricing, Financial Services",https://careers.ey.com//ey/job/Melbourne-Consultant%2C-Transfer-Pricing%2C-Financial-Services-VIC-3000/696476201/,"Melbourne, VIC, AU, ."
"Senior Consultant, Health Services, Supply Chain & Operations",https://careers.ey.com//ey/job/Brisbane-Senior-Consultant%2C-Health-Services%2C-Supply-Chain-&-Operations-QLD-4000/729381901/,"Brisbane, QLD, AU, 4."
"Consultant, Real Estate Advisory, Sydney  - Strategy and Transactions",https://careers.ey.com//ey/job/Sydney-Consultant%2C-Real-Estate-Advisory%2C-Sydney-Strategy-and-Transactions-NSW-2000/728787601/,"Sydney, NSW, AU, 200."
"Senior Manager, Infrastructure Advisory, Sydney - Strategy and Transactions",https://careers.ey.com//ey/job/Sydney-Senior-Manager%2C-Infrastructure-Advisory%2C-Sydney-Strategy-and-Transactions-NSW-2000/728838701/,"Sydney, NSW, AU, 200."
"Senior Manager, Infrastructure Advisory, Melbourne  - Strategy and Transactions",https://careers.ey.com//ey/job/Melbourne-Senior-Manager%2C-Infrastructure-Advisory%2C-Melbourne-Strategy-and-Transactions-VIC-3000/728850301/,"Melbourne, VIC, AU, ."
"Senior Manager, Valuation, Modelling and Economics",https://careers.ey.com//ey/job/Sydney-Senior-Manager%2C-Valuation%2C-Modelling-and-Economics-NSW-2000/716501801/,"Sydney, NSW, AU, 200."
Manager- Forensic & Integrity Services,https://careers.ey.com//ey/job/Canberra-Manager%2C-Forensic-&-Integrity-Services-ACT-2601/696955601/,"Canberra, ACT, AU, 2."
Consultants/Senior Consultants General Insurance Health Insurance,https://careers.ey.com//ey/job/Sydney-ConsultantsSenior-Consultants-General-Insurance-Health-Insurance-NSW-2000/696979501/,"Sydney, NSW, AU, 200."
Senior Manager Private Health Insurance,https://careers.ey.com//ey/job/Sydney-Senior-Manager-Private-Health-Insurance-NSW-2000/696918101/,"Sydney, NSW, AU, 200."
"Senior Consultant, Corporate Tax, Melbourne",https://careers.ey.com//ey/job/Melbourne-Senior-Consultant%2C-Corporate-Tax%2C-Melbourne-VIC-3000/704693201/,"Melbourne, VIC, AU, ."
"Manager, Corporate Tax, Melbourne",https://careers.ey.com//ey/job/Melbourne-Manager%2C-Corporate-Tax%2C-Melbourne-VIC-3000/704694501/,"Melbourne, VIC, AU, ."
Consultant/Senior Consultant - Intelligent Automation,https://careers.ey.com//ey/job/Canberra-ConsultantSenior-Consultant-Intelligent-Automation-ACT-2601/696402601/,"Canberra, ACT, AU, 2."
Dynamics F&O Senior Consultant,https://careers.ey.com//ey/job/Sydney-Dynamics-F&O-Senior-Consultant-NSW-2000/703990201/,"Sydney, NSW, AU, 200."
Financial Services - Indirect Tax - Consultant/Senior Consultant,https://careers.ey.com//ey/job/Sydney-Financial-Services-Indirect-Tax-ConsultantSenior-Consultant-NSW-2000/696922201/,"Sydney, NSW, AU, 200."
Consultant and Senior Consultant - Enterprise Risk - Internal Audit - Consulting - Brisbane,https://careers.ey.com//ey/job/Brisbane-Senior-Consultant-Enterprise-Risk-Consulting-Brisbane-QLD-4000/696932901/,"Brisbane, QLD, AU, 4."
Manager/Senior Manager - Financial Services Banking & Capital Markets Quantitative Services,https://careers.ey.com//ey/job/Melbourne-ManagerSenior-Manager-Financial-Services-Banking-&-Capital-Markets-Quantitative-Services-VIC-3000/696924601/,"Melbourne, VIC, AU, ."
Senior Consultants Private Health Insurance,https://careers.ey.com//ey/job/Sydney-Senior-ConsultantsManagers-Private-Health-Insurance-NSW-2000/696917801/,"Sydney, NSW, AU, 200."
Consultant/Senior Consultant - Supply Chain & Operations - Consulting,https://careers.ey.com//ey/job/Canberra-ConsultantSenior-Consultant-Supply-Chain-&-Operations-Consulting-ACT-2601/696929201/,"Canberra, ACT, AU, 2."
Senior Manager - Manager - Senior Consultant - Financial Services Risk Management - Prudential,https://careers.ey.com//ey/job/Sydney-Senior-Manager-Manager-Senior-Consultant-Financial-Services-Risk-Management-Prudential-&-Risk-NSW-2000/696921601/,"Sydney, NSW, AU, 200."
"Data Assurance Specialists - Tech Consulting, Data & Analytics",https://careers.ey.com//ey/job/Sydney-Data-Assurance-Specialists-Tech-Consulting%2C-Data-&-Analytics-NSW-2000/696934801/,"Sydney, NSW, AU, 200."
"Data Visualisation, Senior Consultant - Advisory, Tech Consulting, DnA",https://careers.ey.com//ey/job/Sydney-Data-Visualisation%2C-Senior-Consultant-Advisory%2C-Tech-Consulting%2C-DnA-NSW-2000/696932201/,"Sydney, NSW, AU, 200."
"Senior Consultant Project Management, Business Transformation, Business Consulting",https://careers.ey.com//ey/job/Canberra-Senior-Consultant-%28Project-Management%29%2C-Business-Transformation%2C-Business-Consulting-%28Project-Manage-ACT-2601/696947801/,"Canberra, ACT, AU, 2."
Indirect Tax Specialist - Senior Manager,https://careers.ey.com//ey/job/Melbourne-Indirect-Tax-Specialist-Senior-Manager-VIC-3000/716910001/,"Melbourne, VIC, AU, ."
Consultant and Senior Consultant - Enterprise Risk - Risk Transformation - Brisbane,https://careers.ey.com//ey/job/Brisbane-Senior-Consultant-Enterprise-Risk-Risk%2C-Trust-and-Transformation-Brisbane-QLD-4000/696934401/,"Brisbane, QLD, AU, 4."
Consultant/ Senior Consultant - Operations Improvement - Consulting,https://careers.ey.com//ey/job/Sydney-Senior-Consultant-Supply-Chain-&-Operations-Consulting-NSW-2000/696924901/,"Sydney, NSW, AU, 200."
"Economist Manager, Valuation, Modelling and Economics",https://careers.ey.com//ey/job/Sydney-Economist-Manager%2C-Valuation%2C-Modelling-and-Economics-NSW-2000/696950301/,"Sydney, NSW, AU, 200."
Manager - Enterprise Risk - Internal Audit - Consulting - Brisbane,https://careers.ey.com//ey/job/Brisbane-Manager-Enterprise-Risk-Internal-Audit-Consulting-Brisbane-QLD-4000/696933701/,"Brisbane, QLD, AU, 4."
Senior Consultant - Enterprise Risk - Internal Audit - Canberra,https://careers.ey.com//ey/job/Canberra-Senior-Consultant-Enterprise-Risk%2C-Internal-Audit-Canberra-ACT-2601/696961001/,"Canberra, ACT, AU, 2."
Cloud Engineer,https://careers.ey.com//ey/job/Sydney-Cloud-Engineer%2C-FSO-Digital-&-Emerging-Technology-NSW-2000/697002201/,"Sydney, NSW, AU, 200."
Manager - Enterprise Risk - Internal Audit - Canberra,https://careers.ey.com//ey/job/Canberra-Manager-Senior-Manager-Enterprise-Risk%2C-Internal-Audit-Canberra-ACT-2601/696963801/,"Canberra, ACT, AU, 2."
Blue Prism Developer,https://careers.ey.com//ey/job/Sydney-Blue-Prism-Developers%2C-Financial-Services%2C-Technology-Consulting-NSW-2000/696922601/,"Sydney, NSW, AU, 200."
Senior Consultant/Manager - Supply Chain & Operations - Consulting,https://careers.ey.com//ey/job/Canberra-Senior-ConsultantManager-Supply-Chain-&-Operations-Consulting-ACT-2601/696920301/,"Canberra, ACT, AU, 2."
Manager - Performance People Advisory Services,https://careers.ey.com//ey/job/Canberra-ConsultantSenior-Consultant%2C-PAS%2C-Performance-ACT-2601/696931301/,"Canberra, ACT, AU, 2."
"Manager, Business Consulting, Finance IA",https://careers.ey.com//ey/job/Sydney-Manager%2C-Business-Consulting%2C-Finance-IA-NSW-2000/696934301/,"Sydney, NSW, AU, 200."
"Senior Consultant, Data & Analytics, Technology Consulting",https://careers.ey.com//ey/job/Sydney-Senior-Consultant%2C-Data-&-Analytics%2C-Technology-Consulting-NSW-2000/696956901/,"Sydney, NSW, AU, 200."
DevOps Engineers,https://careers.ey.com//ey/job/Sydney-DevOps-Engineers%2C-FSO-Digital-&-Emerging-Technology-NSW-2000/696956101/,"Sydney, NSW, AU, 200."
DevOps Engineer,https://careers.ey.com//ey/job/Melbourne-DevOps-Engineers%2C-Digital-&-Emerging-Technology-VIC-3000/697000501/,"Melbourne, VIC, AU, ."
Senior Manager - Risk Data - Reporting and Transformation,https://careers.ey.com//ey/job/Sydney-Senior-Manager%2C-Risk-Data%2C-Reporting-and-Transformation-NSW-2000/696905801/,"Sydney, NSW, AU, 200."
Senior Consultant/Manager - Tax Technology and Transformation,https://careers.ey.com//ey/job/Sydney-Senior-ConsultantManager-Tax-Technology-and-Transformation-NSW-2000/697402301/,"Sydney, NSW, AU, 200."
"Dynamics 365 and Powerplatform Developer, Digital & Emerging Technology",https://careers.ey.com//ey/job/Melbourne-Dynamics-365-and-Powerplatform-Developer%2C-Digital-&-Emerging-Technology-VIC-3000/696905701/,"Melbourne, VIC, AU, ."
"Associates and Senior Associates, Audit, Assurance",https://careers.ey.com//ey/job/Canberra-Associates-and-Senior-Associates%2C-Audit%2C-Assurance-ACT-2601/696392501/,"Canberra, ACT, AU, 2."
Indirect Tax Specialists - Consultant/Senior Consultant/Manager,https://careers.ey.com//ey/job/Melbourne-Indirect-Tax-Specialists-ConsultantSenior-ConsultantManager-VIC-3000/696394201/,"Melbourne, VIC, AU, ."
"Senior Associate - Finance & Projects, EY Law",https://careers.ey.com//ey/job/Sydney-Senior-Associate-Finance-&-Projects%2C-EY-Law-NSW-2000/712336801/,"Melbourne, VIC, AU, ."
"Senior Manager, Infrastructure Advisory - Strategy and Transactions",https://careers.ey.com//ey/job/Adelaide-Senior-Consultant-Manager%2C-Infrastructure-Advisory-Strategy-and-Transactions-SA-5000/712345001/,"Adelaide, SA, AU, 50."
"Indirect Tax Specialists, Senior Consultant/Manager",https://careers.ey.com//ey/job/Brisbane-Indirect-Tax-Specialists%2C-Senior-ConsultantManager-QLD-4000/702974501/,"Brisbane, QLD, AU, 4."
"Consultant/Senior Consultant, Transfer Pricing",https://careers.ey.com//ey/job/Sydney-Senior-Consultant%2C-Transfer-Pricing-NSW-2000/706852201/,"Sydney, NSW, AU, 200."
"Consultant/Senior Consultant, Real Estate Advisory Services - Strategy and Transactions",https://careers.ey.com//ey/job/Brisbane-ConsultantSenior-Consultant%2C-Real-Estate-Advisory-Services-Strategy-and-Transactions-1-QLD-4000/704744201/,"Brisbane, QLD, AU, 4."
Manager - Enterprise Risk - Consulting - Adelaide,https://careers.ey.com//ey/job/Adelaide-ManagerSenior-Manager-Enterprise-Risk-Consulting-Adelaide-SA-5000/696023201/,"Adelaide, SA, AU, 50."
"Manager, Valuation, Modelling and Economics, Strategy and Transactions",https://careers.ey.com//ey/job/Brisbane-Manager%2C-Valuation%2C-Modelling-and-Economics%2C-Strategy-and-Transactions-QLD-4000/705560301/,"Brisbane, QLD, AU, 4."
"Senior Consultant, Mining and Metals - Supply Chain and Operations",https://careers.ey.com//ey/job/Brisbane-Senior-Consultant%2C-Mining-and-Metals-Supply-Chain-and-Operations-QLD-4000/696396401/,"Brisbane, QLD, AU, 4."
Senior Consultant / Analyst - Health Technology,https://careers.ey.com//ey/job/Brisbane-Senior-Consultant-Analyst-Health-Technology-QLD-4000/696393401/,"Brisbane, QLD, AU, 4."
"Manager, Employment Tax",https://careers.ey.com//ey/job/Melbourne-Manager%2C-Employment-Tax-VIC-3000/695994701/,"Melbourne, VIC, AU, ."
Senior Manager- Forensic and Integrity services| Disputes and Forensic accounting,https://careers.ey.com//ey/job/Melbourne-Senior-Manager%2C-Forensic-and-Integrity-services-%28Disputes-and-Forensic-accounting%29-VIC-3000/695504401/,"Melbourne, VIC, AU, ."
Senior Consultant- Forensics Data Analytics | Forensic & Integrity Services,https://careers.ey.com//ey/job/Brisbane-Senior-Consultant%2C-Forensics-Data-Analytics-Forensic-&-Integrity-Services-QLD-4000/696394401/,"Brisbane, QLD, AU, 4."
"Consultant, Finance Intelligent Automation",https://careers.ey.com//ey/job/Melbourne-Consultant%2C-Finance-Intelligent-Automation-VIC-3000/696385201/,"Melbourne, VIC, AU, ."
"Senior Consultant/Manager, Valuation, Modelling and Economics - Capital Equipment",https://careers.ey.com//ey/job/Melbourne-Senior-ConsultantManager%2C-Valuation%2C-Modelling-and-Economics-Capital-Equipment-VIC-3000/695979801/,"Melbourne, VIC, AU, ."
Senior Consultant/Manager - Technology Risk - Sydney,https://careers.ey.com//ey/job/Sydney-Senior-ConsultantManager-Tech-Risk-Sydney-NSW-2000/742804501/,"Sydney, NSW, AU, 200."
Senior Consultant - Business Transformation - Consulting,https://careers.ey.com//ey/job/Melbourne-Senior-Consultant-Business-Transformation-Consulting-VIC-3000/696391201/,"Melbourne, VIC, AU, ."
Senior Consultant/Manager - Private Tax Services,https://careers.ey.com//ey/job/Canberra-Senior-ConsultantManager-Private-Tax-Services-ACT-2601/712805001/,"Canberra, ACT, AU, 2."
"Account Manager, Financial Services Sydney",https://careers.ey.com//ey/job/Sydney-Account-Manager%2C-Financial-Services-NSW-2000/703471401/,"Sydney, NSW, AU, 200."
Consultant and Senior Consultant - Internal Audit - Consulting - Adelaide,https://careers.ey.com//ey/job/Adelaide-ConsultantSenior-Consultant-Internal-Audit-Consulting-Adelaide-SA-5000/695994601/,"Adelaide, SA, AU, 50."
Manager - Enterprise Risk - Internal Audit - Consulting - Melbourne,https://careers.ey.com//ey/job/Melbourne-Manager-Enterprise-Risk-Consulting-Melbourne-VIC-3000/696912701/,"Melbourne, VIC, AU, ."
Senior Consultant- E-discovery| Forensic and Integrity Services,https://careers.ey.com//ey/job/Melbourne-Senior-Consultant%2C-E-discovery-Forensic-and-Integrity-Services-VIC-3000/695912601/,"Melbourne, VIC, AU, ."
"Manager or Senior Manager, Strategy, Customer and Marketing Analytics - Strategy and Transactions",https://careers.ey.com//ey/job/Sydney-Manager-or-Senior-Manager%2C-Strategy%2C-Customer-and-Marketing-Analytics-Strategy-and-Transactions-NSW-2000/695967001/,"Sydney, NSW, AU, 200."
Dynamics F&O Manager,https://careers.ey.com//ey/job/Sydney-Dynamics-F&O-Manager-NSW-2000/703987401/,"Sydney, NSW, AU, 200."
Consultant - Finance - Consulting,https://careers.ey.com//ey/job/Canberra-Consultant-Finance-Consulting-ACT-2601/696402201/,"Canberra, ACT, AU, 2."
Associate Director - Transaction Strategy and Execution - Strategy and Transactions,https://careers.ey.com//ey/job/Sydney-Associate-Director-Transaction-Strategy-and-Execution-Strategy-and-Transactions-NSW-2000/713670301/,"Sydney, NSW, AU, 200."
"Modelling Consultant/Senior Consultant, Valuations Modelling and Economics",https://careers.ey.com//ey/job/Brisbane-Modelling-ConsultantSenior-Consultant%2C-Valuations-Modelling-and-Economics-QLD-4000/705963501/,"Brisbane, QLD, AU, 4."
Data Engineer - Consultant/Senior Consultant/Manager,https://careers.ey.com//ey/job/Melbourne-Data-Engineer-ConsultantSenior-ConsultantManager-VIC-3000/695932401/,"Melbourne, VIC, AU, ."
Financial Services - Corporate Tax - Consultant/Snr Consultant/Managers,https://careers.ey.com//ey/job/Sydney-Financial-Services-Corporate-Tax-ConsultantSnr-ConsultantManagers-NSW-2000/696906201/,"Sydney, NSW, AU, 200."
"Associate Director (Senior Manager), Transaction Diligence, Strategy and Transactions",https://careers.ey.com//ey/job/Melbourne-Associate-Director-%28Senior-Manager%29%2C-Transaction-Diligence%2C-Strategy-and-Transactions-VIC-3000/703873601/,"Melbourne, VIC, AU, ."
"Valuations Consultant/Senior Consultant, Valuations Modelling and Economics",https://careers.ey.com//ey/job/Brisbane-Valuations-ConsultantSenior-Consultant%2C-Valuations-Modelling-and-Economics-QLD-4000/705965701/,"Brisbane, QLD, AU, 4."
"Senior Consultant, Valuations Modelling and Economics",https://careers.ey.com//ey/job/Sydney-Senior-Consultant%2C-Valuations-Modelling-and-Economics-NSW-2000/696100701/,"Sydney, NSW, AU, 200."
Consultant - Intelligent Automation - Consulting,https://careers.ey.com//ey/job/Sydney-Consultant-Intelligent-Automation-Consulting-NSW-2000/696389201/,"Sydney, NSW, AU, 200."
Indirect Tax Specialists - Consultant/Senior Consultant,https://careers.ey.com//ey/job/Sydney-Indirect-Tax-Specialists-ConsultantSenior-ConsultantManager-NSW-2000/696409501/,"Sydney, NSW, AU, 200."
Consultant and Senior Consultant - Enterprise Risk - Risk Transformation - Sydney,https://careers.ey.com//ey/job/Sydney-ConsultantSenior-Consultant-Enterprise-Risk-Risk-Transformation-Sydney-NSW-2000/696830601/,"Sydney, NSW, AU, 200."
"Consultant and Senior Consultant, Enterprise Risk - Internal Audit, Consulting - Sydney",https://careers.ey.com//ey/job/Sydney-ConsultantSenior-Consultant%2C-Enterprise-Risk-Internal-Audit%2C-Consulting-Sydney-NSW-2000/724991301/,"Sydney, NSW, AU, 200."
Technical Business Analyst,https://careers.ey.com//ey/job/Sydney-Technical-Business-Analyst-NSW-2000/728298201/,"Sydney, NSW, AU, 200."
Senior Manager - Technology Risk - Consulting,https://careers.ey.com//ey/job/Canberra-Senior-Manager-Technology-Risk-Consulting-ACT-2601/728208101/,"Canberra, ACT, AU, 2."
"Technology Transformation Consultants, Technology Consulting",https://careers.ey.com//ey/job/Sydney-Technology-Transformation-Consultants%2C-Technology-Consulting-NSW-2000/696923701/,"Melbourne, VIC, AU, ."
Manager- Forensic and Integrity services| Disputes and Forensic accounting,https://careers.ey.com//ey/job/Melbourne-Manager%2C-Forensic-and-Integrity-services-%28Disputes-and-Forensic-accounting%29-VIC-3000/696957201/,"Melbourne, VIC, AU, ."
"Associate, IT & Digital, Audit, Assurance",https://careers.ey.com//ey/job/Perth-Associate%2C-IT-&-Digital%2C-Audit%2C-Assurance-WA-6000/706860401/,"Perth, WA, AU, 6000
."
"Enterprise Architect, Technology Consulting",https://careers.ey.com//ey/job/Sydney-Enterprise-Architect%2C-Technology-Consulting-NSW-2000/696364301/,"Sydney, NSW, AU, 200."
Threat Detection and Incident Response - Cyber Security,https://careers.ey.com//ey/job/Melbourne-Threat-Detection-and-Incidence-Response%2C-Cyber-Security%2C-Technology-Consulting-VIC-3000/696389701/,"Melbourne, VIC, AU, ."
"Manager, Infrastructure Advisory - Strategy and Transactions",https://careers.ey.com//ey/job/Canberra-ManagerSenior-Manager%2C-Infrastructure-Advisory-Strategy-and-Transactions-ACT-2601/703008801/,"Sydney, NSW, AU, 200."
Managers/Senior Managers - Business Design - Financial Services,https://careers.ey.com//ey/job/Sydney-ManagersSenior-Managers-Business-Design-Financial-Services-NSW-2000/697195401/,"Sydney, NSW, AU, 200."
Expression of Interest Consultants - Senior Consultants - Managers and Senior Managers - Finance,https://careers.ey.com//ey/job/Sydney-Expression-of-Interest-Consultants%2C-Senior-Consultants%2C-Managers-and-Senior-Managers-Finance-NSW-2000/696918801/,"Sydney, NSW, AU, 200."
"HR Transformation, HR Technology and Workforce Management Professionals, People Advisory Services",https://careers.ey.com//ey/job/Melbourne-HR-Transformation%2C-HR-Technology-and-Workforce-Management-Professionals%2C-People-Advisory-Services-VIC-3000/696014301/,"Melbourne, VIC, AU, ."
"Data Strategy, Governance and Transformation Consultant",https://careers.ey.com//ey/job/Sydney-Data-Strategy%2C-Governance-and-Transformation-Consultant-NSW-2000/725716501/,"Sydney, NSW, AU, 200."
Data & Analytics - Financial Services,https://careers.ey.com//ey/job/Sydney-Financial-Services-Technology-Consulting%2C-Data-&-Analytics-NSW-2000/695101401/,"Sydney, NSW, AU, 200."
"Research Manager, EY Sweeney",https://careers.ey.com//ey/job/Sydney-Senior-Consultant%2C-Business-Transformation%2C-Sydney-1-5-NSW-2000/725720101/,"Sydney, NSW, AU, 200."
"Manager, Reward, People Advisory Services",https://careers.ey.com//ey/job/Sydney-Reward-Senior-ConsultantsManagers%2C-People-Advisory-Services-NSW-2000/696367701/,"Melbourne, VIC, AU, ."
Senior Manager - Technology Consulting - Cyber Security,https://careers.ey.com//ey/job/Melbourne-Senior-Manager%2C-Technology-Consulting%2C-Cyber-Security-VIC-3000/696909201/,"Melbourne, VIC, AU, ."
HR Mergers & Acquisitions - Senior Consultant/Manager,https://careers.ey.com//ey/job/Sydney-HR-Mergers-&-Acquisitions-Senior-ConsultantManager-NSW-2000/696419401/,"Sydney, NSW, AU, 200."
Cloud Architect - Financial Services,https://careers.ey.com//ey/job/Sydney-Consultant-FSO-DnA-1-NSW-2000/725717901/,"Sydney, NSW, AU, 200."
Data Engineer - Financial Services,https://careers.ey.com//ey/job/Melbourne-Data-Engineer-Financial-Services-VIC-3000/725717201/,"Melbourne, VIC, AU, ."
"Expressions of Interest - Tax Consultants, Senior Consultants, Managers",https://careers.ey.com//ey/job/Perth-Expressions-of-Interest-Tax-Consultants%2C-Senior-Consultants%2C-Managers-WA-6000/696460701/,"Perth, WA, AU, 6000"
"Senior Consultant or Manager - Operational Strategy, Transaction Strategy and Execution",https://careers.ey.com//ey/job/Perth-Senior-ConsultantManager%2C-Operational-Strategy%2C-Transaction-Strategy-and-Execution-WA-6000/696403501/,"Perth, WA, AU, 6000"
Senior Consultant - Supply Chain and Operations - Mines and Metals,https://careers.ey.com//ey/job/Perth-Senior-Consultant-Supply-Chain-and-Operations-Mines-and-Metals-WA-6000/696954101/,"Perth, WA, AU, 6000"
"Manager, Finance, Business Consulting",https://careers.ey.com//ey/job/Perth-Manager%2C-Business-Consulting%2C-Finance-WA-6000/696439201/,"Perth, WA, AU, 6000"
"Senior Manager, Financial Accounting Advisory Services",https://careers.ey.com//ey/job/Sydney-Senior-Manager%2C-Financial-Accounting-Advisory-Services-NSW-2000/696031301/,"Perth, WA, AU, 6000"
"Senior Consultant, Capital and Debt Advisory  - Strategy and Transactions",https://careers.ey.com//ey/job/Perth-Senior-Consultant%2C-Capital-and-Debt-Advisory-Strategy-and-Transactions-WA-6000/712768601/,"Perth, WA, AU, 6000"
"Consultant, Infrastructure Advisory - Strategy and Transactions",https://careers.ey.com//ey/job/Perth-Indigenous-ConsultantSenior-Consultant%2C-Infrastructure-Advisory-Strategy-and-Transactions-WA-6000/695500301/,"Perth, WA, AU, 6000"
Senior Consultant - Life Insurance and Wealth Management - Actuarial,https://careers.ey.com//ey/job/Sydney-Senior-Consultant-Life-Insurance-and-Wealth-Management-Actuarial-NSW-2000/727688101/,"Sydney, NSW, AU, 200."
Senior Consultant - Actuarial - Banking and Capital Markets,https://careers.ey.com//ey/job/Sydney-Senior-Consultant-Actuarial-Banking-and-Capital-Markets-NSW-2000/738600901/,"Sydney, NSW, AU, 200."
Manager - Actuarial - Banking and Capital Markets Quantitative Services,https://careers.ey.com//ey/job/Sydney-Manager-Actuarial-Banking-and-Capital-Markets-Quantitative-Services-NSW-2000/738601401/,"Sydney, NSW, AU, 200."
Manager - Business Transformation Execution,https://careers.ey.com//ey/job/Sydney-Manager-Business-Transformation-Execution-NSW-2000/742121101/,"Sydney, NSW, AU, 200."
"Senior Manager, IFRS Professional Practice",https://careers.ey.com//ey/job/Perth-Senior-Manager%2C-IFRS-Professional-Practice-WA-6000/728193701/,"Perth, WA, AU, 6000"
Test Manager | Data and Analytics,https://careers.ey.com//ey/job/Melbourne-Technical-Business-Analysts-Data-and-Analytics-1-VIC-3000/727632501/,"Melbourne, VIC, AU, ."
Business / Data Analyst - Financial Services,https://careers.ey.com//ey/job/Melbourne-Business-Data-Analyst-Financial-Services-VIC-3000/725702001/,"Sydney, NSW, AU, 200."
"Senior Manager, Supply Chain & Operations",https://careers.ey.com//ey/job/Sydney-Senior-Manager%2C-Supply-Chain-&-Operations-NSW-2000/727665201/,"Sydney, NSW, AU, 200."
Technology Recruiter,https://careers.ey.com//ey/job/Canberra-Technology-Recruiter-ACT-2601/727812201/,"Adelaide, SA, AU, 50."
Associate Director - Talent Acquisition Team Leader,https://careers.ey.com//ey/job/Adelaide-Associate-Director-Talent-Acquisition-Team-Leader-SA-5000/741785701/,"Adelaide, SA, AU, 50."
Cloud Architect,https://careers.ey.com//ey/job/Melbourne-Cloud-Architect-VIC-3000/727691601/,"Melbourne, VIC, AU, ."
Senior Manager - Technology Risk - Consulting,https://careers.ey.com//ey/job/Melbourne-Senior-Manager-Technology-Risk-Consulting-VIC-3000/725773201/,"Melbourne, VIC, AU, ."
"Associate Director, Real Estate Advisory - Strategy and Transactions 1",https://careers.ey.com//ey/job/Sydney-Associate-Director%2C-Real-Estate-Advisory-Strategy-and-Transactions-1-NSW-2000/739155101/,"Sydney, NSW, AU, 200."
"Account Manager Insurance, Financial Services Sydney",https://careers.ey.com//ey/job/Sydney-Account-Manager-Insurance%2C-Financial-Services-Sydney-NSW-2000/741730301/,"Sydney, NSW, AU, 200."
"Manager, Valuation, Modelling and Economics, Strategy and Transactions",https://careers.ey.com//ey/job/Sydney-Manager%2C-Valuation%2C-Modelling-and-Economics%2C-Strategy-and-Transactions-NSW-2000/697433701/,"Sydney, NSW, AU, 200."
"Manager/Senior Manager, International Tax and Transaction Services",https://careers.ey.com//ey/job/Sydney-Senior-Manager%2C-International-Tax-and-Transaction-Services-NSW-2000/697529701/,"Sydney, NSW, AU, 200."
Director - Transaction Strategy and Execution IT - Sydney,https://careers.ey.com//ey/job/Sydney-Director%2C-Transaction-Strategy-and-Execution-%28TSE%29-IT%2C-Sydney-NSW-2000/697400401/,"Sydney, NSW, AU, 200."
"Manager to Director, Infrastructure Advisory - Strategy and Transactions",https://careers.ey.com//ey/job/Canberra-Manager-to-Director%2C-Infrastructure-Advisory-Strategy-and-Transactions-ACT-2601/697636401/,"Canberra, ACT, AU, 2."
Consultant / Senior Consultant - Private Tax,https://careers.ey.com//ey/job/Melbourne-Consultant-Senior-Consultant-Private-Tax-VIC-3000/707272501/,"Melbourne, VIC, AU, ."
Senior Associate - Tax Controversy,https://careers.ey.com//ey/job/Sydney-Senior-Associate-Tax-Controversy-NSW-2000/730053501/,"Melbourne, VIC, AU, ."
"Legal Counsel, Litigation Practice Group (12 months fixed term contract)",https://careers.ey.com//ey/job/Sydney-Legal-Counsel%2C-Litigation-Practice-Group-%2812-months-fixed-term-contract%29-NSW-2000/730019901/,"Sydney, NSW, AU, 200."
"Senior Manager, Consulting, Intelligent Automation",https://careers.ey.com//ey/job/Canberra-Senior-Manager%2C-Consulting%2C-Intelligent-Automation-ACT-2601/697639901/,"Canberra, ACT, AU, 2."
"Manager, Transfer Pricing, Tax",https://careers.ey.com//ey/job/Melbourne-Manager%2C-Transfer-Pricing%2C-Tax-VIC-3000/717456701/,"Melbourne, VIC, AU, ."
Senior Consultants | Managers | Life Insurance | Actuarial Services,https://careers.ey.com//ey/job/Sydney-Senior-ConsultantsManagers-Life-Insurance-Actuarial-Services-NSW-2000/697392201/,"Sydney, NSW, AU, 200."
Transfer Pricing Specialist - Senior Consultant/Manager,https://careers.ey.com//ey/job/Perth-Transfer-Pricing-Specialist-Senior-ConsultantManager-WA-6000/697400501/,"Perth, WA, AU, 6000"
Consultants/Senior Consultants - Business Design - Financial Services,https://careers.ey.com//ey/job/Sydney-ConsultantsSenior-Consultants-Business-Design-Financial-Services-NSW-2000/697389301/,"Sydney, NSW, AU, 200."
Manager / Senior Manager - Audit - Assurance,https://careers.ey.com//ey/job/Manager-Senior-Manager%2C-Audit%2C-Assurance/696012001/,"Melbourne, VIC, AU, ."
Consultant - Technology Risk - Consulting,https://careers.ey.com//ey/job/Melbourne-Consultant-Technology-Risk-Consulting-VIC-3000/697400001/,"Melbourne, VIC, AU, ."
"Strategic Communicator, People Advisory Services",https://careers.ey.com//ey/job/Sydney-Strategic-Communicator%2C-People-Advisory-Services-NSW-2000/697983201/,"Sydney, NSW, AU, 200."
Integrations Engineer,https://careers.ey.com//ey/job/Sydney-Integrations-Engineer%2C-FSO-Digital-&-Emerging-Technology-NSW-2000/697890101/,"Sydney, NSW, AU, 200."
"Senior Manager, Pega Technology Consultant",https://careers.ey.com//ey/job/Canberra-Senior-Manager%2C-Pega-Technology-Consultant-ACT-2601/707690101/,"Melbourne, VIC, AU, ."
"Senior Consultant, Asia Pacific Tax Centre, Global Reporting & Compliance",https://careers.ey.com//ey/job/Sydney-Senior-Consultant%2C-Asia-Pacific-Tax-Centre%2C-Global-Reporting-&-Compliance-NSW-2000/697884501/,"Sydney, NSW, AU, 200."
AI & Automation Engineer,https://careers.ey.com//ey/job/Sydney-AI-&-Automation-Engineer%2C-FSO-Digital-&-Emerging-Technology-NSW-2000/697879501/,"Sydney, NSW, AU, 200."
"Consultant / Senior Consultant, Government Incentives",https://careers.ey.com//ey/job/Perth-Consultant-Senior-Consultant%2C-Government-Incentives-WA-6000/696442201/,"Perth, WA, AU, 6000"
"Manager, Global Mobility Tax - Melbourne",https://careers.ey.com//ey/job/Melbourne-Manager%2C-Global-Mobility-Tax-VIC-3000/707689301/,"Melbourne, VIC, AU, ."
"Consultant/Senior Consultant, International Tax and Transaction Services",https://careers.ey.com//ey/job/Brisbane-ConsultantSenior-Consultant%2C-International-Tax-and-Transaction-Services-QLD-4000/747573101/,"Brisbane, QLD, AU, 4."
"Manager/Senior Manager, International Tax and Transaction Services",https://careers.ey.com//ey/job/Brisbane-ManagerSenior-Manager%2C-International-Tax-and-Transaction-Services-QLD-4000/747573901/,"Brisbane, QLD, AU, 4."
Senior Software and Data Model Developer - EY ROAM,https://careers.ey.com//ey/job/Brisbane-Senior-Consultant-or-Manager-Software-and-Data-Model-Developer-Opportunity-EY-ROAM-QLD-4000/747302301/,"Brisbane, QLD, AU, 4."
Software and Data Model Developer - EY ROAM,https://careers.ey.com//ey/job/Brisbane-Consultant-Software-and-Data-Model-Developer-Opportunity-EY-ROAM-QLD-4000/747259401/,"Brisbane, QLD, AU, 4."
Consultant and Senior Consultant - Enterprise Risk - Internal Audit - Consulting - Melbourne,https://careers.ey.com//ey/job/Sydney-Consultant-and-Senior-Consultant-Enterprise-Risk-Internal-Audit-Consulting-Melbourne-NSW-2000/723974301/,"Melbourne, VIC, AU, ."
"Manager, IFRS Professional Practice",https://careers.ey.com//ey/job/Melbourne-Manager%2C-IFRS-Professional-Practice-VIC-3000/728192901/,"Melbourne, VIC, AU, ."
Market Research Interviewer (Newcastle),https://careers.ey.com//ey/job/Sydney-Market-Research-Fieldworker-Casual-Newcastle-NSW-NSW-2000/732770501/,"Sydney, NSW, AU, 200."
"Market Research Interviewer (Night shift, Sydney)",https://careers.ey.com//ey/job/Sydney-Market-Research-Fieldworker-Night-Shift-Casual-NSW-2000/732767301/,"Sydney, NSW, AU, 200."
Manager - Tech Consulting - Cyber Security,https://careers.ey.com//ey/job/Melbourne-Manager%2C-Tech-Consulting%2C-Cyber-Security-VIC-3000/696926301/,"Sydney, NSW, AU, 200."
Pega Technologist - Manager - Financial Services - Technology Solution Delivery,https://careers.ey.com//ey/job/Sydney-Pega-Technologist-Manager-Financial-Services-Technology-Solution-Delivery-NSW-2000/714873401/,"Sydney, NSW, AU, 200."
"Manager/Senior Manager, International Tax and Transaction Services",https://careers.ey.com//ey/job/Melbourne-ManagerSenior-Manager%2C-International-Tax-and-Transaction-Services-VIC-3000/705915901/,"Melbourne, VIC, AU, ."
Senior Manager - Corporate Tax,https://careers.ey.com//ey/job/Sydney-Senior-Manager-Corporate-Tax-NSW-2000/746784001/,"Sydney, NSW, AU, 200."
Claims Technology Functional Lead - Financial Services Technology Solution Delivery,https://careers.ey.com//ey/job/Melbourne-Guidewire-Functional-Lead-Financial-Services-Technology-Solution-Delivery-VIC-3000/717458101/,"Melbourne, VIC, AU, ."
Data Engineers,https://careers.ey.com//ey/job/Brisbane-Data-Engineers-QLD-4000/696965401/,"Brisbane, QLD, AU, 4."
Technical Business Analysts| Data and Analytics,https://careers.ey.com//ey/job/Sydney-Technical-Business-Analysts-Data-and-Analytics-NSW-2000/703525701/,"Sydney, NSW, AU, 200."
"Manager, Audit, Canberra",https://careers.ey.com//ey/job/Canberra-Manager%2C-Audit%2C-Canberra-ACT-2601/746797201/,"Canberra, ACT, AU, 2."
Consultant - Transaction Strategy and Execution IT - Strategy and Transactions,https://careers.ey.com//ey/job/Perth-Consultant-Transaction-Strategy-and-Execution-IT-Strategy-and-Transactions-WA-6000/719191901/,"Perth, WA, AU, 6000"
"Senior Manager - Supply Chain & Operations, Adelaide",https://careers.ey.com//ey/job/Adelaide-Senior-Manager-Supply-Chain-&-Operations%2C-Adelaide-SA-5000/732159401/,"Adelaide, SA, AU, 50."
"Senior Manager/Director, Transaction Diligence, Strategy and Transactions",https://careers.ey.com//ey/job/Melbourne-Senior-ManagerDirector%2C-Transaction-Diligence%2C-Strategy-and-Transactions-VIC-3000/732155301/,"Melbourne, VIC, AU, ."
"Manager, Transaction Diligence (Financial Services), Strategy and Transactions",https://careers.ey.com//ey/job/Sydney-Manager%2C-Transaction-Diligence-%28Financial-Services%29%2C-Strategy-and-Transactions-NSW-2000/732197401/,"Sydney, NSW, AU, 200."
"Senior Consultant, Transaction Diligence (Financial Services), Strategy and Transactions",https://careers.ey.com//ey/job/Sydney-Senior-Consultant%2C-Transaction-Diligence%2C-Strategy-and-Transactions-1-1-NSW-2000/732178901/,"Sydney, NSW, AU, 200."
"Senior Consultant, Performance and Talent, People Advisory Services",https://careers.ey.com//ey/job/Perth-Senior-Consultant%2C-Performance-and-Talent%2C-People-Advisory-Services-WA-6000/696044101/,"Perth, WA, AU, 6000"
Consultant- E-discovery| Forensic and Integrity Services,https://careers.ey.com//ey/job/Melbourne-Consultant%2C-E-discovery-Forensic-and-Integrity-Services-VIC-3000/695915201/,"Melbourne, VIC, AU, ."
Senior Manager/Director | Data & Analytics,https://careers.ey.com//ey/job/Brisbane-Senior-ManagerDirector-Data-&-Analytics-QLD-4000/696996401/,"Melbourne, VIC, AU, ."
Cloud Engineer,https://careers.ey.com//ey/job/Melbourne-Cloud-Engineer-VIC-3000/727691901/,"Melbourne, VIC, AU, ."
Consultant  - Transaction Management - Transaction Strategy and Execution,https://careers.ey.com//ey/job/Sydney-Consultant-Transaction-Management-Transaction-Strategy-and-Execution-NSW-2000/746762901/,"Sydney, NSW, AU, 200."
"Manager/Senior Manager, Transaction Diligence, Strategy and Transactions",https://careers.ey.com//ey/job/Perth-ManagerSenior-Manager%2C-Transaction-Diligence%2C-Strategy-and-Transactions-WA-6000/732007401/,"Perth, WA, AU, 6000"
"Consultant/Senior Consultant, Business Consulting Finance, Australia Wide",https://careers.ey.com//ey/job/Sydney-ConsultantSenior-Consultant%2C-Business-Consulting-Finance%2C-Australia-Wide-NSW-2000/697102801/,"Sydney, NSW, AU, 200."
Talent Acquisition Specialist,https://careers.ey.com//ey/job/Brisbane-Talent-Acquisition-Specialist-QLD-4000/747579101/,"Brisbane, QLD, AU, 4."
Business Analysts - Technology Solution Delivery - Financial Services,https://careers.ey.com//ey/job/Melbourne-Business-Analysts-Technology-Solution-Delivery-Financial-Services-VIC-3000/747596301/,"Sydney, NSW, AU, 200."
"Senior Consultant, Transaction Diligence, Strategy and Transactions",https://careers.ey.com//ey/job/Melbourne-Senior-Consultant%2C-Transaction-Diligence%2C-Strategy-and-Transactions-VIC-3000/703872501/,"Melbourne, VIC, AU, ."
"Market Research Interviewer (Day shift, Sydney)",https://careers.ey.com//ey/job/Sydney-Market-Research-Fieldworker-Day-Shift-Casual-NSW-2000/732764401/,"Sydney, NSW, AU, 200."
Consulting Technical Analyst,https://careers.ey.com//ey/job/Melbourne-Consulting-Technical-Analyst-VIC-3000/709520101/,"Melbourne, VIC, AU, ."
"Healthcare Senior Consultant, Real Estate Advisory Services, Strategy and Transactions",https://careers.ey.com//ey/job/Melbourne-Healthcare-Senior-Consultant%2C-Real-Estate-Advisory-Services%2C-Strategy-and-Transactions-VIC-3000/710431801/,"Melbourne, VIC, AU, ."
"Manager, Performance, People Advisory Services",https://careers.ey.com//ey/job/Perth-Manager%2C-Performance%2C-People-Advisory-Services-WA-6000/710414401/,"Perth, WA, AU, 6000"
"Senior Consultant, ITTS",https://careers.ey.com//ey/job/Sydney-AUST-MASTER-REQ-EY-SERVICES-PTY-LTD-1-NSW-2000/710436201/,"Sydney, NSW, AU, 200."
Consultant / Senior Consultant - Technology Risk - Sydney / Melbourne,https://careers.ey.com//ey/job/Sydney-Consultant-Senior-Consultant-Technology-Risk-Sydney-Melbourne-NSW-2000/700978701/,"Sydney, NSW, AU, 200."
"Manager, Compliance and Controls, Financial Services Risk Management",https://careers.ey.com//ey/job/Sydney-Manager%2C-Compliance-and-Controls%2C-Financial-Services-Risk-Management%2C-Sydney-NSW-2000/701015501/,"Sydney, NSW, AU, 200."
Consultant and Senior Consultant - Enterprise Risk - Internal Audit - Consulting - Melbourne,https://careers.ey.com//ey/job/Victoria-ConsultantSenior-Consultant%2C-Enterprise-Risk-Internal-Audit%2C-Consulting-Melbourne-Brit-V8W-2B7/700669401/,"Melbourne, VIC, AU, ."
Consultants - Senior Consultants - Managers - Internal Audit - Enterprise Risk - Financial Services,https://careers.ey.com//ey/job/Sydney-ConsultantsSenior-ConsultantsManagers-Enterprise-Risk-Financial-Services-NSW-2000/696916601/,"Sydney, NSW, AU, 200."
Employment Tax and Global Mobility Consultant,https://careers.ey.com//ey/job/Perth-Employment-Tax-and-Global-Mobility-Consultant-WA-6000/696358101/,"Perth, WA, AU, 6000"
Senior Consultant - Technology Risk - Consulting,https://careers.ey.com//ey/job/Sydney-Senior-Consultant-Technology-Risk-Consulting-NSW-2000/740258201/,"Sydney, NSW, AU, 200."
GRC Implementation Lead,https://careers.ey.com//ey/job/Melbourne-GRC-Implementation-Lead-VIC-3000/716918801/,"Melbourne, VIC, AU, ."
Expression of Interest: Consultant/Senior Consultant - Business Transformation,https://careers.ey.com//ey/job/Sydney-Senior-Consultant-Business-Transformation-Consulting-NSW-2000/696380901/,"Sydney, NSW, AU, 200."
"Consultant / Senior Consultant / Manager, Risk Data and Reporting, Sydney",https://careers.ey.com//ey/job/Sydney-Consultant-Senior-Consultant-Manager%2C-Risk-Data-and-Reporting%2C-Sydney-Melbourne-NSW-2000/701000901/,"Sydney, NSW, AU, 200."
"Consultant / Senior Consultant - Financial Crime, Financial Services Risk Management",https://careers.ey.com//ey/job/Sydney-Consultant-Senior-Consultant-Financial-Crime%2C-Financial-Services-Risk-Management-NSW-2000/698052001/,"Sydney, NSW, AU, 200."
Manager - Enterprise Architect - Financial Services Technology Transformation,https://careers.ey.com//ey/job/Sydney-Manager%2C-Enterprise-Architect%2C-Financial-Services-Technology-Transformation-NSW-2000/696470301/,"Sydney, NSW, AU, 200."
Senior Manager - Technology Consultant - Financial Services Technology Transformation,https://careers.ey.com//ey/job/Sydney-Senior-Manager%2C-Technology-Consultant%2C-Financial-Services-Technology-Transformation-NSW-2000/696477401/,"Sydney, NSW, AU, 200."
Economist - Valuation Modelling and Economics- Canberra,https://careers.ey.com//ey/job/Canberra-Economist-Valuation-Modelling-and-Economics-Canberra-ACT-2601/733220901/,"Canberra, ACT, AU, 2."
Data Engineer,https://careers.ey.com//ey/job/Sydney-Financial-Services-Technology-Consulting%2C-Data-&-Analytics-NSW-2000/708130101/,"Sydney, NSW, AU, 200."
Consultant / Senior Consultant - Technology Consulting - Canberra,https://careers.ey.com//ey/job/Canberra-Consultant-Senior-Consultant-Technology-Consulting-Canberra-ACT-2601/706409001/,"Canberra, ACT, AU, 2."
Indirect Tax Specialists - Manager,https://careers.ey.com//ey/job/Sydney-Indirect-Tax-Specialists-Manager-NSW-2000/709561901/,"Sydney, NSW, AU, 200."
Consulting Implementation Specialist,https://careers.ey.com//ey/job/Melbourne-Consulting-Implementation-Manager-VIC-3000/709517001/,"Melbourne, VIC, AU, ."
Economist - Valuation Modelling and Economics- Sydney,https://careers.ey.com//ey/job/Sydney-Economist-Valuation-Modelling-and-Economics-Sydney-NSW-2000/733227401/,"Sydney, NSW, AU, 200."
Economist - Valuation Modelling and Economics- Brisbane,https://careers.ey.com//ey/job/Brisbane-Economist-Valuation-Modelling-and-Economics-Brisbane-QLD-4000/733221101/,"Brisbane, QLD, AU, 4."
Full-Stack Engineer,https://careers.ey.com//ey/job/Perth-Front-End-Developer%2C-Digital-&-Emerging-Technology%2C-Technology-Consulting-1-WA-6000/709967101/,"Perth, WA, AU, 6000"
Economist - Valuation Modelling and Economics- Melbourne,https://careers.ey.com//ey/job/Melbourne-Economist-Valuation-Modelling-and-Economics-Melbourne-VIC-3000/733220601/,"Melbourne, VIC, AU, ."
Lead Regional Coordinator - Northern Territory,https://careers.ey.com//ey/job/Adelaide-Regional-Coordinator-South-Australia-SA-5000/720257901/,"Darwin, NT, AU, 0800"
Manager - Tech Consulting - Cyber Security,https://careers.ey.com//ey/job/Sydney-Manager%2C-Tech-Consulting%2C-Cyber-Security-NSW-2000/696636301/,"Sydney, NSW, AU, 200."
Professional Services - Account Coordinator,https://careers.ey.com//ey/job/Sydney-Professional-Services-Account-Coordinator-NSW-2000/717455601/,"Sydney, NSW, AU, 200."
Senior Consultant/Managers - Financial Services Risk Management  (Flexible working),https://careers.ey.com//ey/job/Sydney-Senior-ConsultantManagers-Financial-Services-Risk-Management-%28Flexible-working%29-NSW-2000/696556801/,"Sydney, NSW, AU, 200."
Indirect Tax Specialists - Senior Consultant/Manager,https://careers.ey.com//ey/job/Perth-Indirect-Tax-Specialists-Senior-ConsultantManager-WA-6000/696713101/,"Perth, WA, AU, 6000
."
Consultant / Senior Consultant - Financial Services Risk Management,https://careers.ey.com//ey/job/Sydney-Consultant-Senior-Consultant-Financial-Services-Risk-Management-NSW-2000/701655301/,"Sydney, NSW, AU, 200."
Guidewire Technical Consultant - Financial Services - Technical Solutions Delivery,https://careers.ey.com//ey/job/Melbourne-Guidewire-Technical-Consultant%2C-Financial-Services%2C-Technical-Solutions-Delivery-VIC-3000/696958101/,"Sydney, NSW, AU, 200."
"Senior Consultant, Infrastructure Advisory - Strategy and Transactions",https://careers.ey.com//ey/job/Canberra-Senior-Consultant%2C-Infrastructure-Advisory-Strategy-and-Transactions-ACT-2601/730932701/,"Canberra, ACT, AU, 2."
Manager / Senior Manager - Cloud Architect - Technology Consulting - Canberra,https://careers.ey.com//ey/job/Canberra-Manager-Senior-Manager-Cloud-Architect-Technology-Consulting-Canberra-ACT-2601/708134101/,"Canberra, ACT, AU, 2."
Manager / Senior Manager - Solution Architect - Technology Consulting - Canberra,https://careers.ey.com//ey/job/Canberra-Manager-Senior-Manager-Solution-Architect-Technology-Consulting-Canberra-ACT-2601/708134301/,"Canberra, ACT, AU, 2."
"Consultant/Senior Consultant, Strategy and Transactions - Energy Transition",https://careers.ey.com//ey/job/Brisbane-ConsultantSenior-Consultant%2C-Strategy-and-Transactions-Energy-Transition-QLD-4000/739160901/,"Brisbane, QLD, AU, 4."
Business Analyst,https://careers.ey.com//ey/job/Sydney-Business-Analyst-Technology-Consulting-Data-&-Analytics-NSW-2000/724652101/,"Sydney, NSW, AU, 200."
"Managers, Financial Services Risk Management",https://careers.ey.com//ey/job/Sydney-Managers%2C-Financial-Services-Risk-Management-NSW-2000/696938601/,"Sydney, NSW, AU, 200."
Data Modeller,https://careers.ey.com//ey/job/Melbourne-Data-Modeller-VIC-3000/739092401/,"Melbourne, VIC, AU, ."
Appian - Senior Developer - Financial Services - Technology Solution Delivery,https://careers.ey.com//ey/job/Sydney-Appian-Technologist-Manager-Financial-Services-Technology-Solution-Delivery-1-NSW-2000/714871901/,"Sydney, NSW, AU, 200."
Appian Technologist - Manager - Financial Services - Technology Solution Delivery,https://careers.ey.com//ey/job/Sydney-Appian-Technologist-Manager-Financial-Services-Technology-Solution-Delivery-NSW-2000/714870401/,"Sydney, NSW, AU, 200."
Developers - Microsoft Azure - D365 & Power Platform - Financial Services,https://careers.ey.com//ey/job/Sydney-Developers-Microsoft-Azure-D365-&-Power-Platform-Financial-Services-NSW-2000/738599701/,"Sydney, NSW, AU, 200."
"Manager/Senior Manager, Infrastructure Advisory - Strategy and Transactions",https://careers.ey.com//ey/job/Canberra-ManagerSenior-Manager%2C-Infrastructure-Advisory-Strategy-and-Transactions-ACT-2601/730921401/,"Canberra, ACT, AU, 2."
Business / Data Analyst - Financial Services 1,https://careers.ey.com//ey/job/Melbourne-Business-Data-Analyst-Financial-Services-1-VIC-3000/730949501/,"Melbourne, VIC, AU, ."
"Senior Manager, Transfer Pricing, Tax",https://careers.ey.com//ey/job/Melbourne-Senior-Manager%2C-Transfer-Pricing%2C-Tax-VIC-3000/698762001/,"Melbourne, VIC, AU, ."
Senior Consultant | Manager - Environment,https://careers.ey.com//ey/job/Sydney-Senior-ConsultantManager-Environment-NSW-2000/704337401/,"Sydney, NSW, AU, 200."
Resourcing Coordinator - FSO Consulting,https://careers.ey.com//ey/job/Sydney-Resourcing-Coordinator-FSO-Consulting-NSW-2000/706822201/,"Sydney, NSW, AU, 200."
Pega Consultant - Financial Services - Technology Solution Delivery,https://careers.ey.com//ey/job/Sydney-Pega-Architect-Financial-Services-Technology-Solution-Delivery-NSW-2000/714874001/,"Sydney, NSW, AU, 200."
Senior Consultant - Performance People Advisory Services,https://careers.ey.com//ey/job/Sydney-Senior-Consultant-Performance%2C-People-Advisory-Services-Canberra-NSW-2000/707780901/,"Canberra, ACT, AU, 2."
"Financial Services - Corporate Tax, Consultant/Senior Consultant/Managers",https://careers.ey.com//ey/job/Brisbane-Financial-Services-Corporate-Tax%2C-ConsultantSenior-ConsultantManagers-QLD-4000/696404401/,"Brisbane, QLD, AU, 4."
Consultant - Tech Risk - Consulting - Adelaide,https://careers.ey.com//ey/job/Adelaide-Consultant-Tech-Risk-Consulting-Adelaide-SA-5000/727777201/,"Adelaide, SA, AU, 50."
Senior Consultant - Technology Risk - Consulting,https://careers.ey.com//ey/job/Adelaide-Senior-Consultant-Technology-Risk-Consulting-SA-5000/716448001/,"Adelaide, SA, AU, 50."
Data Engineer - Senior Consultant/Manager,https://careers.ey.com//ey/job/Melbourne-Data-Engineer-Senior-ConsultantManager-1-VIC-3000/716431701/,"Melbourne, VIC, AU, ."
Marketing Coordinator | Campaign Team (12-month contract),https://careers.ey.com//ey/job/Sydney-Marketing-Coordinator-Campaign-Team-%2812-month-contract%29-NSW-2000/748935301/,"Sydney, NSW, AU, 200."
Consultant - Performance People Advisory Services,https://careers.ey.com//ey/job/Melbourne-Consultant-Performance-People-Advisory-Services-VIC-3000/713968001/,"Melbourne, VIC, AU, ."
Manager - Technology Risk,https://careers.ey.com//ey/job/Sydney-Manager-Technology-Risk-Sydney-Melbourne-NSW-2000/700991201/,"Sydney, NSW, AU, 200."
GIS/Spatial Analyst - Senior Consultant/Manager,https://careers.ey.com//ey/job/Perth-GISSpatial-Analyst-Senior-ConsultantManager-WA-6000/701511101/,"Melbourne, VIC, AU, ."
Experience Coordinator/Process Facilitator in EY wavespace,https://careers.ey.com//ey/job/Sydney-Experience-CoordinatorProcess-Facilitator-in-EY-wavespace-NSW-2000/749387701/,"Sydney, NSW, AU, 200."
Manager - Enterprise Risk - Internal Audit - Consulting - Sydney,https://careers.ey.com//ey/job/Sydney-Manager-Enterprise-Risk-Internal-Audit-Consulting-Sydney-NSW-2000/696817001/,"Sydney, NSW, AU, 200."
Partnership for Infrastructure (P4I) Government-to-Government (G2G) Adviser,https://careers.ey.com//ey/job/Canberra-Partnership-for-Infrastructure-%28P4I%29-Government-to-Government-%28G2G%29-Adviser-ACT-2601/707702901/,"Canberra, ACT, AU, 2."
Senior Consultants - Managers - Internal Audit - Enterprise Risk - Financial Services,https://careers.ey.com//ey/job/Melbourne-ConsultantsSenior-ConsultantsManagers-Enterprise-Risk-Financial-Services-VIC-3000/696922801/,"Melbourne, VIC, AU, ."
Consultant/Senior Consultant/Manager - Private Client Services,https://careers.ey.com//ey/job/Sydney-Senior-ConsultantManager-Private-Client-Services-NSW-2000/697390101/,"Sydney, NSW, AU, 200."
"Senior Consultant, Transaction Diligence (Financial Services), Strategy and Transactions",https://careers.ey.com//ey/job/Melbourne-Senior-Consultant%2C-Transaction-Diligence%2C-Strategy-and-Transactions-1-VIC-3000/732177001/,"Melbourne, VIC, AU, ."
Associates and Senior Associates - Audit Financial Services Assurance,https://careers.ey.com//ey/job/Sydney-Associates-and-Senior-Associates%2C-Audit%2C-Financial-Services-Assurance-NSW-2000/696830001/,"Sydney, NSW, AU, 200."
"Manager or Associate Director, Infrastructure Advisory - Strategy and Transactions",https://careers.ey.com//ey/job/Sydney-ManagerAssociate-Director%2C-Infrastructure-Advisory-Strategy-and-Transactions-NSW-2000/742823801/,"Sydney, NSW, AU, 200."
Senior Consultant or Manager - IT Mergers & Acquisitions - Sydney,https://careers.ey.com//ey/job/Sydney-Senior-Consultant-or-Manager-IT-Mergers-&-Acquisitions-Sydney-NSW-2000/718666501/,"Sydney, NSW, AU, 200."
ServiceNow Architect,https://careers.ey.com//ey/job/Sydney-ServiceNow-Architect-NSW-2000/704000401/,"Melbourne, VIC, AU, ."
ServiceNow Technical Consultant,https://careers.ey.com//ey/job/Melbourne-ServiceNow-Technical-Consultant-VIC-3000/749279201/,"Melbourne, VIC, AU, ."
ServiceNow Consultant,https://careers.ey.com//ey/job/Sydney-ServiceNow-Consultant-NSW-2000/697432201/,"Sydney, NSW, AU, 200."
"Manager, Private Tax",https://careers.ey.com//ey/job/Sydney-Manager%2C-Private-Tax-NSW-2000/749278901/,"Sydney, NSW, AU, 200."
ServiceNow Senior Technical Consultant,https://careers.ey.com//ey/job/Melbourne-ServiceNow-Senior-Technical-Consultant-VIC-3000/749278701/,"Melbourne, VIC, AU, ."
ServiceNow Consultant,https://careers.ey.com//ey/job/Melbourne-ServiceNow-Consultant-VIC-3000/749279901/,"Melbourne, VIC, AU, ."
ServiceNow Senior Consultant,https://careers.ey.com//ey/job/Melbourne-ServiceNow-Senior-Consultant-VIC-3000/749279401/,"Melbourne, VIC, AU, ."
Systems Engineer,https://careers.ey.com//ey/job/Melbourne-Systems-Engineer-VIC-3000/740242701/,"Melbourne, VIC, AU, ."
Business Analyst - Senior Consultant/Manager,https://careers.ey.com//ey/job/Perth-Business-Analyst-Senior-ConsultantManager-WA-6000/696919001/,"Perth, WA, AU, 6000"
Market Research Telephone Interviewer [Casual],https://careers.ey.com//ey/job/Melbourne-Market-Research-Telephone-Interviewer-Casual-VIC-3000/749282901/,"Melbourne, VIC, AU, ."
"Consultant/Senior Consultant, Real Estate Advisory Services - Strategy and Transactions",https://careers.ey.com//ey/job/Melbourne-ConsultantSenior-Consultant%2C-Real-Estate-Advisory-Services-Strategy-and-Transactions-VIC-3000/696005101/,"Melbourne, VIC, AU, ."
Campus Recruitment Coordinator,https://careers.ey.com//ey/job/Sydney-Campus-Recruitment-Coordinator-NSW-2000/749282601/,"Sydney, NSW, AU, 200."
Manager- Government and Health Sector People Advisory Services,https://careers.ey.com//ey/job/Melbourne-Manager-Performance-People-Advisory-Services-VIC-3000/713970701/,"Melbourne, VIC, AU, ."
Facilitator - Community Impact | Part time 30 hours,https://careers.ey.com//ey/job/Brisbane-Facilitator-Community-Impact-Part-time-30-hours-QLD-4000/741759601/,"Brisbane, QLD, AU, 4."
"Senior Manager, Infrastructure Advisory - Strategy and Transactions 1",https://careers.ey.com//ey/job/Melbourne-Senior-Manager%2C-Infrastructure-Advisory-Strategy-and-Transactions-1-VIC-3000/702133401/,"Melbourne, VIC, AU, ."
Senior Manager - Enterprise Risk - Consulting - Melbourne,https://careers.ey.com//ey/job/Melbourne-Senior-Manager-Enterprise-Risk-Consulting-Melbourne-VIC-3000/736203401/,"Melbourne, VIC, AU, ."
Manager - Financial Reporting Specialist,https://careers.ey.com//ey/job/Brisbane-Financial-Reporting-Specialist-Senior-Consultant-QLD-4000/696405101/,"Sydney, NSW, AU, 200."
Consultants and Senior Consultants - Financial Accounting Advisory Services - Financial Services,https://careers.ey.com//ey/job/Sydney-Consultants-and-Senior-Consultants-Financial-Accounting-Advisory-Services-Financial-Services-NSW-2000/748877301/,"Sydney, NSW, AU, 200."
Manager or Associate Director- Transaction Strategy and Execution (Financial Services) Melbourne,https://careers.ey.com//ey/job/Melbourne-Manager-or-Associate-Director-Transaction-Strategy-and-Execution-%28Financial-Services%29-Melbourne-VIC-3000/719162401/,"Melbourne, VIC, AU, ."
"Associates and Senior Associates, Audit, Assurance",https://careers.ey.com//ey/job/Sydney-Associates-and-Senior-Associates%2C-Audit%2C-Assurance-NSW-2000/696096601/,"Sydney, NSW, AU, 200."
Consultant or Senior Consultant - Financial Services - Transaction Strategy and Execution,https://careers.ey.com//ey/job/Sydney-Consultant-or-Senior-Consultant-Financial-Services-Transaction-Strategy-and-Execution-NSW-2000/717614701/,"Sydney, NSW, AU, 200."
"HCM/Workforce Management (WFM) Professionals, People Advisory Services",https://careers.ey.com//ey/job/Sydney-HCMWorkforce-Management-%28WFM%29-Professionals%2C-People-Advisory-Services-NSW-2000/696015801/,"Sydney, NSW, AU, 200."
Facilitator - Community Impact | Part time 30 hours,https://careers.ey.com//ey/job/Sydney-Facilitator-Community-Impact-Part-time-30-hours-NSW-2000/741757701/,"Sydney, NSW, AU, 200."
Business Consulting - Consultant / Senior Consultant / Manager,https://careers.ey.com//ey/job/Canberra-Business-Consulting-Consultant-Senior-Consultant-Manager-ACT-2601/696930201/,"Canberra, ACT, AU, 2."
Culture and Leadership Manager - People Advisory Services,https://careers.ey.com//ey/job/Melbourne-People-Advisory-Services-Manager-Culture-and-Leadership-VIC-3000/725866401/,"Melbourne, VIC, AU, ."
Data Analyst - Senior Consultant/Manager,https://careers.ey.com//ey/job/Perth-Data-Analyst-Senior-ConsultantManager-WA-6000/696918701/,"Perth, WA, AU, 6000"
Data Engineer - Senior Consultant/Manager,https://careers.ey.com//ey/job/Perth-Data-Engineer-Senior-ConsultantManager-WA-6000/696918401/,"Perth, WA, AU, 6000"
Consultants and Senior Consultants - Financial Accounting Advisory Services - Financial Services,https://careers.ey.com//ey/job/Melbourne-Consultant%2C-Financial-Accounting-Advisory-Services-%28Financial-Services-Industry%29-VIC-3000/696907701/,"Melbourne, VIC, AU, ."
Consultant and Senior Consultant - Enterprise Risk - Internal Audit - Consulting - Perth,https://careers.ey.com//ey/job/Perth-Senior-Consultant%2C-Enterprise-Risk-Internal-Audit%2C-Consulting-Perth-WA-6000/700636101/,"Perth, WA, AU, 6000"
Senior Consultant or Manager - Transaction Strategy and Execution - Strategy and Transactions,https://careers.ey.com//ey/job/Brisbane-Manager-Transaction-Strategy-and-Execution-Strategy-and-Transactions-QLD-4000/735537501/,"Brisbane, QLD, AU, 4."
Senior Manager - Financial Crime - Regulatory Consulting,https://careers.ey.com//ey/job/Sydney-Senior-Manager%2C-Financial-Crime%2C-Regulatory-Consulting-NSW-2000/696388101/,"Sydney, NSW, AU, 200."
Facilitator and Collaborative Workshop Designer in EY wavespace,https://careers.ey.com//ey/job/Canberra-Facilitator-and-Workshop-Collaboration-in-EY-wavespace-ACT-2601/702235001/,"Canberra, ACT, AU, 2."
"Manager, Global Mobility Tax - Sydney",https://careers.ey.com//ey/job/Sydney-Manager%2C-Global-Mobility-Tax-Sydney-NSW-2000/711402001/,"Sydney, NSW, AU, 200."
Consultant/Senior Consultant - Business Transformation,https://careers.ey.com//ey/job/Canberra-ConsultantSenior-Consultant-Business-Transformation-ACT-2601/702978501/,"Canberra, ACT, AU, 2."
"Senior Consultant, Developer, Consulting",https://careers.ey.com//ey/job/Melbourne-Senior-Consultant%2C-Developer%2C-Consulting-VIC-3000/711621201/,"Melbourne, VIC, AU, ."
Associates and Senior Associates - Audit Assurance,https://careers.ey.com//ey/job/Adelaide-Associates-and-Senior-Associates-Audit-Assurance-1-SA-5000/722695801/,"Adelaide, SA, AU, 50."
Oceania Operations Lead - Financial Services,https://careers.ey.com//ey/job/Sydney-Oceania-Operations-Lead-Financial-Services-NSW-2000/736125801/,"Sydney, NSW, AU, 200."
Manager - Microsoft Azure - D365 & Power Platform - Financial Services,https://careers.ey.com//ey/job/Sydney-Manager-Microsoft-Azure-D365-&-Power-Platform-Financial-Services-NSW-2000/738599401/,"Sydney, NSW, AU, 200."
"Research Manager, EY Sweeney, Melbourne",https://careers.ey.com//ey/job/Melbourne-Research-Manager%2C-EY-Sweeney%2C-Melbourne-VIC-3000/731519201/,"Melbourne, VIC, AU, ."
APAC Alliance Relationship Lead,https://careers.ey.com//ey/job/Melbourne-APAC-Alliance-Relationship-Lead-VIC-3000/743847601/,"Melbourne, VIC, AU, ."
Seeking Experienced Tax Professionals - Global Compliance & Reporting / Corporate Tax,https://careers.ey.com//ey/job/Perth-Seeking-Experienced-Tax-Professionals-Global-Compliance-&-Reporting-Corporate-Tax-WA-6000/696924501/,"Perth, WA, AU, 6000"
Technology Consultant - Financial Services Technology Transformation,https://careers.ey.com//ey/job/Melbourne-Technology-Consultant%2C-Financial-Services-Technology-Transformation-VIC-3000/696474201/,"Melbourne, VIC, AU, ."
Senior Manager - Enterprise Architect - Financial Services Technology Transformation,https://careers.ey.com//ey/job/Sydney-Senior-Manager%2C-Enterprise-Architect%2C-Financial-Services-Technology-Transformation-NSW-2000/700252601/,"Sydney, NSW, AU, 200."
Platform Engineer,https://careers.ey.com//ey/job/Perth-Platform-Engineer-WA-6000/749723101/,"Perth, WA, AU, 6000"
"Associates and Senior Associates, Audit, Assurance",https://careers.ey.com//ey/job/Perth-Associates-and-Senior-Associates%2C-Audit%2C-Assurance-WA-6000/700957201/,"Perth, WA, AU, 6000"
Operational Accounting Specialist - Consultant,https://careers.ey.com//ey/job/Sydney-Operational-Accounting-Specialist-Consultant-NSW-2000/723849701/,"Sydney, NSW, AU, 200."
"Senior Consultant, Global Mobility Tax",https://careers.ey.com//ey/job/Sydney-Senior-Consultant%2C-Global-Mobility-Tax-NSW-2000/714399201/,"Sydney, NSW, AU, 200."
ServiceNow Director,https://careers.ey.com//ey/job/Melbourne-ServiceNow-Director-VIC-3000/749737401/,"Melbourne, VIC, AU, ."
Manager Audit Assurance - Financial Services,https://careers.ey.com//ey/job/Melbourne-Manager%2C-Audit%2C-Assurance-%28Financial-Services%29-VIC-3000/695943501/,"Melbourne, VIC, AU, ."
Senior Consultant - Technology Risk - Consulting,https://careers.ey.com//ey/job/Perth-Senior-Consultant-Technology-Risk-Consulting-WA-6000/706413701/,"Melbourne, VIC, AU, ."
"Account Director, Federal Government",https://careers.ey.com//ey/job/Canberra-Account-Director%2C-Federal-Government-ACT-2601/724675201/,"Canberra, ACT, AU, 2."
Oceania Assurance Learning & Development Lead,https://careers.ey.com//ey/job/Sydney-Oceania-Assurance-Learning-&-Development-Lead-NSW-2000/748421601/,"Sydney, NSW, AU, 200."
Associates and Senior Associates - Audit Financial Services Assurance,https://careers.ey.com//ey/job/Melbourne-Associates-and-Senior-Associates%2C-Audit%2C-Financial-Services-Assurance-VIC-3000/696909101/,"Melbourne, VIC, AU, ."
Facilitator and Collaborative Workshop Designer in EY wavespace,https://careers.ey.com//ey/job/Sydney-Facilitator-and-Collaborative-Workshop-Designer-in-EY-wavespace-NSW-2000/724685401/,"Sydney, NSW, AU, 200."
Consultant / Senior Consultant - Conduct and Compliance - Financial Services Risk Management,https://careers.ey.com//ey/job/Melbourne-Consultant-Senior-Consultant-Conduct-and-Compliance%2C-Financial-Services-Risk-Management-VIC-3000/697109801/,"Sydney, NSW, AU, 200."
Corporate Tax Specialists - Senior Consultant/Manager,https://careers.ey.com//ey/job/Brisbane-Corporate-Tax-Specialists-Senior-ConsultantManager-QLD-4000/696403601/,"Brisbane, QLD, AU, 4."
"Senior Consultant, Tax - Private Client Services",https://careers.ey.com//ey/job/Brisbane-Senior-Consultant%2C-Tax-Private-Client-Services-QLD-4000/700303201/,"Brisbane, QLD, AU, 4."
"Manager, Turnaround & Restructuring Strategy, Perth",https://careers.ey.com//ey/job/Perth-Senior-Consultant%2C-Turnaround-&-Restructuring-Strategy%2C-Perth-WA-6000/736224101/,"Perth, WA, AU, 6000"
Senior Consultant - Performance People Advisory Services,https://careers.ey.com//ey/job/Melbourne-Senior-Consultant-Performance-People-Advisory-Services-VIC-3000/713969701/,"Melbourne, VIC, AU, ."
Junior Client Executive Western Australia,https://careers.ey.com//ey/job/Perth-Junior-Client-Executive-Western-Australia-WA-6000/748879501/,"Perth, WA, AU, 6000"
Senior Manager - Climate Change and Sustainability Services,https://careers.ey.com//ey/job/Sydney-Senior-Manager-Climate-Change-and-Sustainability-Services-NSW-2000/749758201/,"Sydney, NSW, AU, 200."
APAC Lead for Client Assurance 1,https://careers.ey.com//ey/job/Sydney-APAC-Lead-for-Client-Assurance-1-NSW-2000/749442001/,"Sydney, NSW, AU, 200."
"Marketing Manager | Brand, Marketing and Communications: Campaign Team",https://careers.ey.com//ey/job/Sydney-Marketing-Manager-Brand%2C-Marketing-and-Communications-NSW-2000/748936001/,"Sydney, NSW, AU, 200."
Actuarial - Health and Human Services | Government & Public Sector - Consultant / Senior Consultant,https://careers.ey.com//ey/job/Canberra-Actuarial-Health-and-Human-Services-Government-&-Public-Sector-Consultant-Senior-Consultant-ACT-2601/749269101/,"Canberra, ACT, AU, 2."
Senior Consultant - Performance People Advisory Services,https://careers.ey.com//ey/job/Sydney-Senior-Consultant-Performance-People-Advisory-Services-NSW-2000/727764501/,"Sydney, NSW, AU, 200."
Consultant -  Performance People Advisory Service,https://careers.ey.com//ey/job/Sydney-Consultant-Performance-People-Advisory-Service-NSW-2000/727761801/,"Sydney, NSW, AU, 200."
Senior Consultant or Manager - IT Mergers & Acquisitions,https://careers.ey.com//ey/job/Melbourne-Senior-Consultant-or-Manager-IT-Mergers-&-Acquisitions-VIC-3000/718664301/,"Melbourne, VIC, AU, ."
"Associates and Senior Associates, Audit, Assurance",https://careers.ey.com//ey/job/Melbourne-Associates-and-Senior-Associates%2C-Audit%2C-Assurance-VIC-3000/696385101/,"Melbourne, VIC, AU, ."
Data Engineers,https://careers.ey.com//ey/job/Sydney-Data-Engineers-Senior-ConsultantManager-NSW-2000/695472901/,"Melbourne, VIC, AU, ."
Senior Manager - Financial Accounting Advisory Services FAAS,https://careers.ey.com//ey/job/Sydney-Senior-Manager%2C-Financial-Accounting-Advisory-Services-%28FAAS%29-NSW-2000/704728801/,"Perth, WA, AU, 6000"
Oceania Operations Leader - Assurance | Financial Services Office,https://careers.ey.com//ey/job/Sydney-Oceania-Operations-Leader-Assurance-Financial-Services-Office-NSW-2000/725244201/,"Sydney, NSW, AU, 200."
Cyber Security Architects Financial Services Technology Consulting,https://careers.ey.com//ey/job/Sydney-Cyber-Security-Architects-Financial-Services-Technology-Consulting-NSW-2000/696907601/,"Sydney, NSW, AU, 200."
"Manager, Transaction Diligence (Financial Services), Strategy and Transactions",https://careers.ey.com//ey/job/Melbourne-Manager%2C-Transaction-Diligence-%28Financial-Services%29%2C-Strategy-and-Transactions-VIC-3000/732187801/,"Melbourne, VIC, AU, ."
Analytics Manager,https://careers.ey.com//ey/job/Melbourne-Analytics-Manager-VIC-3000/696923601/,"Melbourne, VIC, AU, ."
"Manager - HR Transformation,  People Advisory Services, Melbourne",https://careers.ey.com//ey/job/Melbourne-Manager-HR-Transformation%2C-People-Advisory-Services%2C-Melbourne-VIC-3000/729433101/,"Melbourne, VIC, AU, ."
Senior Associate - Financial Services Law,https://careers.ey.com//ey/job/Sydney-AssociateSenior-Associate-Financial-Services-Law-NSW-2000/696947601/,"Sydney, NSW, AU, 200."
Identity Access Management - EY Identity,https://careers.ey.com//ey/job/Melbourne-Identity-Access-Management-%2C-EY-Identity-VIC-3000/696927701/,"Sydney, NSW, AU, 200."
"Senior Consultant, Employment Tax, People Advisory Services",https://careers.ey.com//ey/job/Brisbane-Consultant-or-Senior-Consultant%2C-Employment-Tax%2C-People-Advisory-Services-QLD-4000/696025801/,"Brisbane, QLD, AU, 4."
Data Engineer | Data & Analytics,https://careers.ey.com//ey/job/Melbourne-Data-Engineer-Data-&-Analytics-VIC-3000/732580001/,"Melbourne, VIC, AU, ."
"Reward Senior Consultant, People Advisory Services",https://careers.ey.com//ey/job/Melbourne-Reward-ConsultantSenior-Consultant%2C-People-Advisory-Services-VIC-3000/706016801/,"Melbourne, VIC, AU, ."
Senior Consultant | Manager - Environment Health and Safety,https://careers.ey.com//ey/job/Canberra-Manager-Environment-Health-and-Safety-ACT-2601/717475101/,"Canberra, ACT, AU, 2."
"Financial Services Tax Opportunities, Melbourne",https://careers.ey.com//ey/job/Melbourne-Financial-Services-Corporate-Tax%2C-Fund-and-Super-Fund-Tax-Specialists-ConsultantSnr-Consultants-VIC-3000/696484401/,"Melbourne, VIC, AU, ."
HR Manager - Employee Relations and HR Project Focus,https://careers.ey.com//ey/job/Sydney-Talent-Manager-x2-NSW-2000/726888301/,"Sydney, NSW, AU, 200."
Manager or Associate Director- Transaction Strategy and Execution (Financial Services),https://careers.ey.com//ey/job/Sydney-ManagerAssociate-Director-Transaction-Strategy-and-Execution-%28Financial-Services%29-NSW-2000/696701801/,"Sydney, NSW, AU, 200."
Penetration Tester - Cyber Security - Technology Consulting,https://careers.ey.com//ey/job/Melbourne-Penetration-Tester%2C-Cyber-Security%2C-Technology-Consulting-VIC-3000/711011801/,"Melbourne, VIC, AU, ."
"Senior Consultant, International Tax and Transaction Services (FSO)",https://careers.ey.com//ey/job/Sydney-Senior-Consultant%2C-ITTS-FSO-NSW-2000/712340601/,"Sydney, NSW, AU, 200."
Penetration Tester - Cyber Security - Technology Consulting,https://careers.ey.com//ey/job/Brisbane-Penetration-Tester%2C-Cyber-Security%2C-Technology-Consulting-QLD-4000/711024601/,"Brisbane, QLD, AU, 4."
Full Stack Developer,https://careers.ey.com//ey/job/Melbourne-Full-Stack-Engineers%2C-FSO-Digital-&-Emerging-Technology-VIC-3000/697868001/,"Melbourne, VIC, AU, ."
Organisation and Workforce Transformation Manager - People Advisory Services,https://careers.ey.com//ey/job/Melbourne-Organisation-and-Workforce-Transformation-Manager-People-Advisory-Services-VIC-3000/735535801/,"Melbourne, VIC, AU, ."
"Manager, Financial Services - International Tax and Transaction Services",https://careers.ey.com//ey/job/Sydney-Senior-Manager%2C-Financial-Services-International-Tax-and-Transaction-Services-NSW-2000/696990001/,"Sydney, NSW, AU, 200."
"Consultant, Global Mobility Tax",https://careers.ey.com//ey/job/Sydney-Consultant%2C-Global-Mobility-Tax-NSW-2000/714399501/,"Sydney, NSW, AU, 200."
Cyber Threat Management - Financial Services - Technology Consulting,https://careers.ey.com//ey/job/Sydney-Cyber-Threat-Management%2C-Financial-Services%2C-Technology-Consulting-NSW-2000/696379001/,"Melbourne, VIC, AU, ."
Economist - Valuation Modelling and Economics- Adelaide,https://careers.ey.com//ey/job/Adelaide-Economist-Valuation-Modelling-and-Economics-Adelaide-SA-5000/733226701/,"Adelaide, SA, AU, 50."
Consultant -  Performance People Advisory Service,https://careers.ey.com//ey/job/Canberra-Consultant-People-Advisory-Services-Performance-ACT-2601/707721401/,"Canberra, ACT, AU, 2."
Manager - Performance People Advisory Services,https://careers.ey.com//ey/job/Sydney-Manager-Performance-People-Advisory-Services-1-NSW-2000/726338601/,"Sydney, NSW, AU, 200."
Data Analyst - Senior Consultant,https://careers.ey.com//ey/job/Adelaide-Data-Analyst-Senior-Consultant-SA-5000/695514501/,"Melbourne, VIC, AU, ."
Manager/Senior Manager - Employment Tax,https://careers.ey.com//ey/job/Melbourne-ManagerSenior-Manager-Employment-Tax-VIC-3000/695986001/,"Sydney, NSW, AU, 200."
Manager - Strategy and Transactions (Defence),https://careers.ey.com//ey/job/Melbourne-Senior-ConsultantManager-Strategy-and-Transactions-%28Defence%29-VIC-3000/697443701/,"Melbourne, VIC, AU, ."
Consultants- Senior Consultants - Managers - Senior Managers - Finance - Financial Services,https://careers.ey.com//ey/job/Brisbane-ConsultantsSenior-ConsultantsManagers-Senior-Managers-Finance-Financial-Services-QLD-4000/696928501/,"Brisbane, QLD, AU, 4."
Senior Manager - Tax Technology and Transformation,https://careers.ey.com//ey/job/Sydney-Senior-Manager-Tax-Technology-and-Transformation-NSW-2000/712129201/,"Sydney, NSW, AU, 200."
Senior Associate - Corporate / Commercial Law - Transactions,https://careers.ey.com//ey/job/Sydney-Senior-Associate-Corporate-Commercial-Law-Transactions-NSW-2000/737641001/,"Sydney, NSW, AU, 200."
"Manager/Senior Manager, Transaction Diligence, Strategy and Transactions",https://careers.ey.com//ey/job/Sydney-ManagerSenior-Manager%2C-Transaction-Diligence%2C-Strategy-and-Transactions-NSW-2000/737645501/,"Sydney, NSW, AU, 200."
Senior Associate - Corporate/Commercial Law - Government,https://careers.ey.com//ey/job/Melbourne-Senior-Associate-CorporateCommercial-Law-Government-VIC-3000/737641601/,"Sydney, NSW, AU, 200."
"Consultant/Senior Consultant, Transaction Diligence, Strategy and Transactions",https://careers.ey.com//ey/job/Sydney-ConsultantSenior-Consultant%2C-Transaction-Diligence%2C-Strategy-and-Transactions-NSW-2000/737646501/,"Sydney, NSW, AU, 200."
Senior Manager - Technology Risk,https://careers.ey.com//ey/job/Sydney-Senior-Manager-Technology-Risk-Sydney-Melbourne-NSW-2000/723452701/,"Melbourne, VIC, AU, ."
Senior Manager- Insurance Risk - Financial Services Risk Management,https://careers.ey.com//ey/job/Sydney-Senior-Manager-Insurance-Risk-Financial-Services-Risk-Management-NSW-2000/723248101/,"Sydney, NSW, AU, 200."
Front-End Engineer,https://careers.ey.com//ey/job/Sydney-Front-End-Engineer-NSW-2000/723261501/,"Sydney, NSW, AU, 200."
Change and Learning Manager -People Advisory Services,https://careers.ey.com//ey/job/Melbourne-Change-and-Learning-Manager-People-Advisory-Services-VIC-3000/737650401/,"Melbourne, VIC, AU, ."
"Senior Manager, Transfer Pricing, Financial Services",https://careers.ey.com//ey/job/Sydney-Senior-Manager%2C-Transfer-Pricing%2C-Financial-Services-NSW-2000/702972701/,"Sydney, NSW, AU, 200."
"Consultant/Senior Consultant, Transfer Pricing, Financial Services",https://careers.ey.com//ey/job/Sydney-ConsultantSenior-Consultant%2C-Transfer-Pricing%2C-Financial-Services-NSW-2000/702972601/,"Sydney, NSW, AU, 200."
"Manager, Valuation, Modelling and Economics, Strategy and Transactions",https://careers.ey.com//ey/job/Sydney-Manager%2C-Valuation%2C-Modelling-and-Economics%2C-Strategy-and-Transactions-NSW-2000/711856101/,"Sydney, NSW, AU, 200."
Data Architect - Data and Analytics,https://careers.ey.com//ey/job/Melbourne-Data-Architect-Data-and-Analytics-VIC-3000/697457801/,"Sydney, NSW, AU, 200."
"SAP S4HANA Finance Manager, Technology Consulting",https://careers.ey.com//ey/job/Sydney-SAP-S4HANA-Finance-Manager%2C-Technology-Consulting-NSW-2000/732643401/,"Sydney, NSW, AU, 200."
"SAP S4HANA, Consultant, Technology Consulting",https://careers.ey.com//ey/job/Sydney-SAP-S4HANA%2C-Consultant%2C-Technology-Consulting-NSW-2000/732643901/,"Sydney, NSW, AU, 200."
"Managed Services, Service Delivery Manager, Tech Consulting, Data & Analytics",https://careers.ey.com//ey/job/Sydney-Managed-Services%2C-Service-Delivery-Manager%2C-Tech-Consulting%2C-Data-&-Analytics-NSW-2000/746788401/,"Sydney, NSW, AU, 200."
"Technical Manager, Tech Consulting, Data & Analytics",https://careers.ey.com//ey/job/Sydney-Technical-Manager%2C-Tech-Consulting%2C-Data-&-Analytics-NSW-2000/746787801/,"Sydney, NSW, AU, 200."
SAP Ariba Technology Consultant / Manager,https://careers.ey.com//ey/job/Sydney-SAP-Ariba-Technology-Consultant-Manager-NSW-2000/732091401/,"Sydney, NSW, AU, 200."
"Senior Consultant, Data Analytics - Digital Assurance",https://careers.ey.com//ey/job/Sydney-Senior-Consultant%2C-Data-Analytics-Digital-Assurance-NSW-2000/703567901/,"Sydney, NSW, AU, 200."
"Technology Project Manager, Technology Consulting",https://careers.ey.com//ey/job/Melbourne-Technology-Project-Manager%2C-Technology-Consulting-VIC-3000/696362201/,"Melbourne, VIC, AU, ."
Expressions of Interest - Work in Data & Analytics,https://careers.ey.com//ey/job/Sydney-DATA-&-ANALYTICS-NSW-2000/743686201/,"Sydney, NSW, AU, 200."
CRM Operations Manager,https://careers.ey.com//ey/job/Sydney-CRM-Operations-Manager-NSW-2000/746344601/,"Sydney, NSW, AU, 200."
Senior Data Engineer - Python DBT | Data & Analytics,https://careers.ey.com//ey/job/Sydney-Senior-Data-Engineer-Python-DBT-Data-&-Analytics-NSW-2000/748989101/,"Sydney, NSW, AU, 200."
Product Management (Product Portfolio Lead),https://careers.ey.com//ey/job/Sydney-Client-Technology-Product-Management-NSW-2000/748103101/,"Sydney, NSW, AU, 200."
SAP APAC GTM Leader,https://careers.ey.com//ey/job/Sydney-SAP-APAC-GTM-Leader-NSW-2000/748636201/,"Sydney, NSW, AU, 200."
Senior Consultant - Digital Trust - AI - Assurance,https://careers.ey.com//ey/job/Melbourne-Senior-Consultant-Digital-Trust-AI-Assurance-VIC-3000/743767301/,"Melbourne, VIC, AU, ."
Assurance (IT & Digital) Manager,https://careers.ey.com//ey/job/Brisbane-Assurance-%28IT-&-Digital%29-Manager-QLD-4000/696415701/,"Brisbane, QLD, AU, 4."
SAP Data Consultant,https://careers.ey.com//ey/job/Canberra-Senior-Consultant%2C-SAP-Data-Consultant-ACT-2601/715335801/,"Melbourne, VIC, AU, ."
Global Immigration Consultant,https://careers.ey.com//ey/job/Sydney-Global-Immigration-Consultant-NSW-2000/707303901/,"Melbourne, VIC, AU, ."
"Senior Consultant (IT & Digital), Audit, Digital Assurance",https://careers.ey.com//ey/job/Melbourne-Senior-Consultant-%28IT-&-Digital%29%2C-Audit%2C-Digital-Assurance-VIC-3000/695491001/,"Melbourne, VIC, AU, ."
APAC Alliance Campaigns Lead,https://careers.ey.com//ey/job/Adelaide-APAC-Alliance-Campaigns-Lead-SA-5000/743868401/,"Adelaide, SA, AU, 50."
Penetration Tester - Cyber Security - Technology Consulting,https://careers.ey.com//ey/job/Melbourne-Penetration-Tester%2C-Cyber-Security%2C-Technology-Consulting-VIC-3000/696384501/,"Melbourne, VIC, AU, ."
Data Engineers - Technology Consulting - Data & Analytics,https://careers.ey.com//ey/job/Sydney-Data-Engineers-Technology-Consulting-Data-&-Analytics-NSW-2000/746774401/,"Sydney, NSW, AU, 200."
"SAP SD Consultant, Technology Consulting",https://careers.ey.com//ey/job/Sydney-SAP-SD-Consultant%2C-Technology-Consulting-NSW-2000/732095601/,"Sydney, NSW, AU, 200."
Consultant/Senior Consultant - Financial Reporting Specialist,https://careers.ey.com//ey/job/Sydney-Financial-Reporting-Specialist-Senior-Consultant-NSW-2000/696408401/,"Brisbane, QLD, AU, 4."
"Director - Technology Consulting, Data & Analytics",https://careers.ey.com//ey/job/Sydney-Director-Technology-Consulting%2C-Data-&-Analytics-NSW-2000/749323501/,"Sydney, NSW, AU, 200."
"Consultant/Senior Consultant, Valuation, Modelling and Economics, Strategy and Transactions",https://careers.ey.com//ey/job/Sydney-ConsultantSenior-Consultant%2C-Valuation%2C-Modelling-and-Economics%2C-Strategy-and-Transactions-NSW-2000/695529901/,"Sydney, NSW, AU, 200."
Communications and Engagement Manager [6 months contract],https://careers.ey.com//ey/job/Sydney-Communications-and-Engagement-Manager-6-months-contract-NSW-2000/736228201/,"Sydney, NSW, AU, 200."
Report Engineer - Senior Consultant,https://careers.ey.com//ey/job/Canberra-Report-Engineer-Senior-Consultant-ACT-2601/699808001/,"Melbourne, VIC, AU, ."
Consultant/Senior Consultant - Cyber Security,https://careers.ey.com//ey/job/Brisbane-Consultant%2C-Cyber-Security-QLD-4000/709004301/,"Sydney, NSW, AU, 200."
Senior Consultant - Financial Accounting Advisory Services FAAS,https://careers.ey.com//ey/job/Sydney-Senior-Consultant%2C-Financial-Accounting-Advisory-Services-NSW-2000/703521601/,"Sydney, NSW, AU, 200."
Data Modeller - Senior Consultant,https://careers.ey.com//ey/job/Canberra-Data-Modeler-Senior-Consultant-ACT-2601/699807401/,"Canberra, ACT, AU, 2."
Data Engineer - Senior Consultant,https://careers.ey.com//ey/job/Canberra-Data-Engineer-Senior-Consultant-ACT-2601/699805501/,"Melbourne, VIC, AU, ."
Manager - Financial Accounting Advisory Services FAAS,https://careers.ey.com//ey/job/Sydney-Manager%2C-Financial-Accounting-Advisory-Services-%28FAAS%29-NSW-2000/702629201/,"Sydney, NSW, AU, 200."
Senior Infrastructure Project Manager,https://careers.ey.com//ey/job/Adelaide-Senior-Infrastructure-Project-Manager-SA-5000/739192101/,"Adelaide, SA, AU, 50."
Client Technology: Product Lead | APAC Assurance,https://careers.ey.com//ey/job/Adelaide-Client-Technology-Product-Manager-APAC-Assurance-SA-5000/708698901/,"Sydney, NSW, AU, 200."
Technical Pre-Sales Manager,https://careers.ey.com//ey/job/Sydney-Deal-Solution-Designer-NSW-2000/705745101/,"Sydney, NSW, AU, 200."
FSO Oceania Pursuits Manager,https://careers.ey.com//ey/job/Sydney-Pursuits-Leader%2C-Core-Business-Services%2C-Markets-&-Business-Development-NSW-2000/696945801/,"Sydney, NSW, AU, 200."
SAP Campaign Associate Director - APAC,https://careers.ey.com//ey/job/London-SAP-Campaign-Associate-Director-APAC-SE1-2DA/702518801/,"Melbourne, VIC, AU, ."
Talent Advisor,https://careers.ey.com//ey/job/Brisbane-Talent-Adviser-QLD-4000/742852601/,"Brisbane, QLD, AU, 4."
Change Manager,https://careers.ey.com//ey/job/Hong-Kong-Change-Leader-Hong/736377801/,"Hong Kong, Hong Kong."
EY People Advisory Services Asia-Pacific Strategic Markets Lead,https://careers.ey.com//ey/job/Hong-Kong-EY-People-Advisory-Services-Asia-Pacific-Account-Based-%28Demand%29-Marketing-Lead-Hong/704467001/,"Hong Kong, Hong Kong."
FSO Markets Finance Advisor Region Lead,https://careers.ey.com//ey/job/Sydney-FSO-Markets-Finance-Advisor-Region-Lead-NSW-2000/733412901/,"Sydney, NSW, AU, 200."
Unified Q&RM Program Manager,https://careers.ey.com//ey/job/London-Unified-Q&RM-Program-Manager-SE1-2DA/738926701/,"London, GB, SE1 2DA
."
FSO Markets Finance Advisor Region Lead,https://careers.ey.com//ey/job/Taguig-GDS-CBS_FSO-Markets-Finance-Advisor-Region-Lead-1634/698121801/,"Taguig, PH, 1634
   ."
APAC Quality Senior Manager,https://careers.ey.com//ey/job/Makati-City-APAC-Quality-Senior-Manager-1226/747587601/,"Makati City, PH, 122."
APAC FSO Insurance Strategic Operations Leader,https://careers.ey.com//ey/job/Hong-Kong-APAC-FSO-Insurance-Strategic-Operations-Leader-Hong/746818401/,"Hong Kong, Hong Kong."
APAC Convene Activation Leader,https://careers.ey.com//ey/job/Hong-Kong-APAC-Convene-Activation-Leader-Hong/737644901/,"Hong Kong, Hong Kong."
APAC Sector Enablement Leader,https://careers.ey.com//ey/job/Hong-Kong-APAC-Sector-Enablement-Leader-Hong/737642301/,"Hong Kong, Hong Kong."
Talent Reporting Analyst (1 Year Contract),https://careers.ey.com//ey/job/Melbourne-Talent-Reporting-Analyst-%281-Year-Contract%29-VIC-3000/720802801/,"Melbourne, VIC, AU, ."
Senior Regulatory Analyst Associate Director,https://careers.ey.com//ey/job/London-Senior-Analyst-Financial-Services-SE1-2AF/709760801/,"Alpharetta, GA, US, ."
Client Technology - Customer Success Sustainability Tech Officer,https://careers.ey.com//ey/job/London-Client-Technology-Customer-Success-Sustainability-Tech-Officer-SE1-2DA/746252701/,"London, GB, SE1 2DA
."
Talent Ai Manager (Project Management),https://careers.ey.com//ey/job/London-Senior-Talent-Ai-Analyst-SE1-2DA/726458401/,"London, GB, SE1 2DA
."
HR Systems SF Jam Developer,https://careers.ey.com//ey/job/London-HR-Systems-SF-Jam-Developer-SE1-2DA/736998901/,"London, GB, SE1 2DA
."
HR Systems SuccessFactors Environments Analyst,https://careers.ey.com//ey/job/Hong-Kong-HR-Systems-SuccessFactors-Environments-Analyst-Hong/739772901/,"Hong Kong, Hong Kong."
SuccessFactors and Fieldglass Senior Analyst,https://careers.ey.com//ey/job/London-SuccessFactors-and-Fieldglass-Senior-Analyst-SE1-2DA/749315701/,"London, GB, SE1 2DA
."
SuccessFactors Analyst,https://careers.ey.com//ey/job/London-SuccessFactors-Analyst-SE1-2DA/749316501/,"London, GB, SE1 2DA
."
Product Support Service Delivery Lead,https://careers.ey.com//ey/job/London-Product-Support-Service-Delivery-Lead-SE1-2DA/749304301/,"London, GB, SE1 2DA
."
IT Business Continuity Vendor Continuity Manager,https://careers.ey.com//ey/job/London-IT-Business-Continuity-Vendor-Continuity-Manager-SE1-2DA/739947501/,"London, GB, SE1 2DA
."
Global Engineering Leader (CT Assurance),https://careers.ey.com//ey/job/London-Global-Engineering-Leader-%28CT-Assurance%29-SE1-2DA/699975101/,"London, GB, SE1 2DA
."
Teams Voice Deputy Product Manager,https://careers.ey.com//ey/job/London-Teams-Voice-Deputy-Product-Manager-SE1-2DA/750050601/,"London, GB, SE1 2DA
."
